system_id,ppd_id,ValuationID,PlanName,PlanFullName,source_PlanBasics,initials_PlanBasics_check,notes_PlanBasics,DataStartYear,DataEndYear,InPFS,FiscalYearType,PlanInceptionYear,PlanClosed,PlanYearClosed,AdministeringGovt,StateAbbrev,StateName,GovtName,PlanType,EmployeeTypeCovered,SocSecCovered,SocSecCovered_verbatim,CostStructure,EmployerType,CostSharing,CostStructure_check,StateEmployers,LocalEmployers,SchoolEmployers,CoversStateEmployees,CoversLocalEmployees,CoversTeachers,StateGenEE,LocalGenEE,StatePolice,LocalPolice,StateFire,LocalFire,Teacher,SchoolEEs,JudgesAttorneys,ElectedOfficials,BenefitsWebsite
1,1,1,Alabama ERS,Employees’ Retirement System of Alabama,,TP,,2001,2016,1,1,1945,0,,0,AL,Alabama,Alabama,1,Plan covers state and local employees,1,Plan members covered by Social Security,"Multiple employer, agent plan",2,0,agent multiple employer,1,1,0,1,1,0,1,1,1,0,0,0,0,0,0,0,http://www.rsa-al.gov/index.php/members/ers/
1,2,2,Alabama Teachers,Teachers' Retirement System of Alabama,,TP,,2001,2016,1,1,1939,0,,0,AL,Alabama,Alabama,2,Plan covers teachers,1,Plan members covered by Social Security,"Multiple employer, cost sharing plan",2,1,cost sharing multiple employer,0,0,1,0,0,1,0,0,0,0,0,0,1,0,0,0,http://www.rsa-al.gov/index.php/members/trs/
2,3,3,Alaska PERS,State of Alaska Public Employees’ Retirement System,,TP,,2001,2016,1,1,1961,1,2006,0,AK,Alaska,Alaska,1,Plan covers state and local employees,0,Plan members not covered by Social Security,"Multiple employer, cost sharing plan",2,1,cost sharing multiple employer,1,1,0,1,1,0,1,1,1,1,1,1,0,0,0,0,http://doa.alaska.gov/drb/resources/booklets.html
3,4,4,Alaska Teachers,State of Alaska Teachers’ Retirement System,,TP,,2001,2016,1,1,1955,1,2006,0,AK,Alaska,Alaska,2,Plan covers teachers,0,Plan members not covered by Social Security,"Multiple employer, cost sharing plan",2,1,cost sharing multiple employer,0,0,1,0,0,1,0,0,0,0,0,0,1,0,0,0,http://doa.alaska.gov/drb/resources/booklets.html
4,5,5,Arizona Public Safety Personnel,Arizona Public Safety Personnel Retirement System,,TP,,2001,2017,1,1,1968,0,,0,AZ,Arizona,Arizona,3,Plan covers police and/or fire,1,Plan members covered by Social Security,"Multiple employer, agent plan",2,0,agent multiple employer,1,1,0,0,1,0,0,0,0,0,0,0,0,0,0,0,http://www.psprs.com/sys_psprs/cato_ps_main.htm
5,6,6,Arizona SRS,Arizona State Retirement System,,TP,,2001,2017,1,1,1953,0,,0,AZ,Arizona,Arizona,1,Plan covers state and local employees,1,Plan members covered by Social Security,"Multiple employer, cost sharing plan",2,1,multiple employer cost-sharing,1,1,1,1,1,1,1,1,1,1,1,1,1,1,0,0,https://www.azasrs.gov/content/members
6,7,7,Arkansas PERS,Arkansas Public Employees Retirement System,,TP,Act. Cost- 2002. Invest Return.- 2011,2002,2017,1,1,1957,0,,0,AR,Arkansas,Arkansas,1,Plan covers state and local employees,1,Plan members covered by Social Security,"Multiple employer, cost sharing plan",2,1,multiple employer cost sharing,1,1,0,1,1,0,1,1,0,0,0,0,0,0,0,0,http://www.apers.org/BenCalc.php
7,8,8,Arkansas Teachers,Arkansas Teacher Retirement System,,TP,,2001,2016,1,1,1937,0,,0,AR,Arkansas,Arkansas,2,Plan covers teachers,1,Plan members covered by Social Security,"Multiple employer, cost sharing plan",2,1,cost sharing multiple employer,0,0,1,0,0,1,0,0,0,0,0,0,1,0,0,0,https://artrs.gov/members/considering-retirement/retirement-eligibility
8,9,9,California PERF,California Public Employees Retirement Fund,,TP,Invest Return- 2011,2001,2016,1,1,1932,0,,0,CA,California,California,1,Plan covers state and local employees,1,Plan members covered by Social Security,"Multiple employer, agent plan",2,0,agent multiple employer,1,1,0,1,1,0,1,1,1,1,1,1,0,1,0,0,https://www.calpers.ca.gov/page/about/organization/benefits-overview
9,10,10,California Teachers,California State Teachers’ Retirement System,,TP,Funding/Memb.- 2003,2003,2016,1,1,1913,0,,0,CA,California,California,2,Plan covers teachers,0,Plan members not covered by Social Security,"Multiple employer, cost sharing plan",2,1,cost sharing multiple employer,0,0,1,0,0,1,0,0,0,0,0,0,1,0,0,0,http://www.calstrs.com/retirement-benefits
10,11,11,Chicago Teachers,Public School Teachers' Pension and Retirement Fund of Chicago,,TP,,2001,2016,1,1,1895,0,,5,IL,Illinois,Chicago,2,Plan covers teachers,0,Plan members not covered by Social Security,"Multiple employer, cost sharing plan",2,1,cost sharing multiple employer,0,0,1,0,0,1,0,0,0,0,0,0,1,0,0,0,http://members.ctpf.org/preparing-for-retirement/estimate-your-pension/
11,12,12,City of Austin ERS,City of Austin Employees' Retirement System,,TP,,2001,2016,1,2,1941,0,,2,TX,Texas,Austin,1,Plan covers local employees,1,Plan members covered by Social Security,Single employer ,1,,single employer,0,1,0,0,1,0,0,1,0,0,0,0,0,0,0,0,http://www.coaers.org/Active-Members
12,13,13,Colorado Municipal,Colorado Public Employee Retirement Association-Local Division,,TP,Act. Cost- 2002,2001,2016,1,2,1931,0,,0,CO,Colorado,Colorado,1,Plan covers local employees,0,Plan members not covered by Social Security,"Multiple employer, cost sharing plan",2,1,cost sharing multiple employer,0,1,0,0,1,0,0,1,0,0,0,0,0,0,0,0,https://www.copera.org/members/built-in-benefits
12,14,13,Colorado School,Colorado Public Employee Retirement Association-School Division,,TP,Act. Cost- 2002,2005,2016,1,2,1931,0,,0,CO,Colorado,Colorado,2,Plan covers teachers,0,Plan members not covered by Social Security,"Multiple employer, cost sharing plan",2,1,cost-sharing multiple employer,0,0,1,0,0,1,0,0,0,0,0,0,1,1,0,0,https://www.copera.org/members/built-in-benefits
12,15,13,Colorado State,Colorado Public Employee Retirement Association-State Division,,TP,Act. Cost- 2002,2005,2016,1,2,1931,0,,0,CO,Colorado,Colorado,1,Plan covers state employees,0,Plan members not covered by Social Security,"Multiple employer, cost sharing plan",2,1,cost sharing multiple employer,1,0,0,1,0,0,1,0,1,0,0,0,0,0,0,0,https://www.copera.org/members/built-in-benefits
13,16,16,Connecticut SERS,Connecticut State Employees Retirement System,,TP,Funding- 2005-2008,2001,2016,1,1,1939,0,,0,CT,Connecticut,Connecticut,1,Plan covers state employees,1,Plan members covered by Social Security,Single employer ,1,,single employer,1,0,0,1,0,0,1,0,1,0,0,0,0,0,0,0,http://www.osc.ct.gov/empret/stateretire.htm
14,17,17,Connecticut Teachers,Connecticut State Teachers’ Retirement System,,TP,Biennial Val: Even years,2002,2016,1,1,1939,0,,0,CT,Connecticut,Connecticut,2,Plan covers teachers,0,Plan members not covered by Social Security,"Multiple employer, cost sharing plan",2,1,cost sharing multiple employer,1,0,0,0,0,1,0,0,0,0,0,0,1,0,0,0,http://www.ct.gov/trb/taxonomy/v4_taxonomy.asp?DLN=41319&trbNav=|41319|
15,18,18,Contra Costa County,Contra Costa County Employees’ Retirement Association,,TP,Invest Return- 2002,2001,2016,1,2,1945,0,,1,CA,California,Contra Costa County,1,Plan covers local employees,1,Plan members covered by Social Security,"Multiple employer, cost sharing plan",2,1,multiple employer cost-sharing,0,1,0,0,1,0,0,1,0,0,0,0,0,0,0,0,http://www.cccera.org/benefit-handbooks
16,19,19,DC Police & Fire,District of Columbia Police Officers’ & Firefighters’ Retirement Plan,,TP,Act. Cost- 2009-2012,2006,2016,1,1,1979,0,,2,DC,District of Columbia,District of Columbia,3,Plan covers police and/or fire,0,Plan members not covered by Social Security,Single employer ,1,,single employer,0,1,0,0,1,0,0,0,0,1,0,1,0,0,0,0,http://dcrb.dc.gov/service/summary-plan-descriptions
16,20,20,DC Teachers,District of Columbia Teachers’ Retirement Plan,,TP,Funding- 2005-2008,2006,2016,1,1,1979,0,,2,DC,District of Columbia,District of Columbia,2,Plan covers teachers,0,Plan members not covered by Social Security,Single employer ,1,,single employer,0,1,1,0,0,1,0,0,0,0,0,0,1,0,0,0,http://dcrb.dc.gov/service/summary-plan-descriptions
17,21,21,Delaware State Employees,Delaware State Employees' Pension Plan,,TP,,2001,2017,1,1,1970,0,,0,DE,Delaware,Delaware,1,Plan covers state employees,1,Plan members covered by Social Security,Single employer cost sharing plan,1,1,cost-sharing Single employer,1,0,0,1,0,0,1,0,1,0,1,0,1,0,0,0,http://www.delawarepensions.com/pensionPlans/StateEmp/sep_benefits.shtml
18,22,22,Denver Employees,Denver Employees Retirement Plan,,TP,Act. Cost- 2007,2007,2016,1,2,1963,0,,2,CO,Colorado,Denver,1,Plan covers local employees,1,Plan members covered by Social Security,"Multiple employer, cost sharing plan",2,1,cost-sharing Multiple employer,0,1,0,0,1,0,0,1,0,0,0,0,0,0,0,0,https://www.derp.org/index.cfm/ID/3/Benefits
12,23,13,Denver Schools,Colorado Public Employee Retirement Association-Denver Public Schools Division,,TP,,2001,2016,1,2,1945,0,,5,CO,Colorado,Denver,2,Plan covers teachers,0,Plan members not covered by Social Security,"Multiple employer, cost sharing plan",2,1,cost-sharing Multiple employer,0,0,1,0,0,1,0,0,0,0,0,0,1,1,0,0,https://www.copera.org/members/built-in-benefits
20,24,24,Duluth Teachers,Duluth Teachers' Retirement Fund Association,,TP,PLan merged w/ MN PERA in 2014,2004,,1,1,1910,1,2015,5,MN,Minnesota,Duluth,2,Plan covers teachers,1,Plan members covered by Social Security,"Multiple employer, cost sharing plan",2,1,cost-sharing Multiple employer,0,0,1,0,0,1,0,0,0,0,0,0,1,0,0,0,https://www.minnesotatra.org/memberinfo/active.html
21,25,25,Fairfax County Schools,Educational Employees’ Supplementary Retirement System of Fairfax County,,JFP(CM),AV N/A for FYE 2004,2005,2016,1,1,1973,0,,5,VA,Virginia,Fairfax,2,Plan covers teachers,1,Plan members covered by Social Security,Single employer ,1,,single employer,0,1,0,0,0,1,0,0,0,0,0,0,1,1,0,0,http://www.fcps.edu/hr/benefits/retirement/
22,26,26,Florida RS,Florida Retirement System,,TP,,2001,2017,1,1,1970,0,,0,FL,Florida,Florida,1,Plan covers state and local employees,1,Plan members covered by Social Security,"Multiple employer, cost sharing plan",2,1,cost sharing multiple employer,1,1,1,1,1,1,1,1,1,1,1,1,1,1,0,0,https://www.myfrs.com/Resources_Publication.htm
23,27,27,Georgia ERS,Employees’ Retirement System of Georgia,,TP,Invest Return- 2002,2001,2016,1,1,1949,0,,0,GA,Georgia,Georgia,1,Plan covers state and local employees,1,Plan members covered by Social Security,"Multiple employer, cost sharing plan",2,1,cost sharing multiple employer,1,1,0,1,1,0,1,1,1,1,1,1,0,0,0,0,http://www.ers.ga.gov/formspubs/formspubs.html
24,28,28,Georgia Teachers,Teachers Retirement System of Georgia,,TP,Membership- 2003,2001,2016,1,1,1943,0,,0,GA,Georgia,Georgia,2,Plan covers teachers,1,Plan members covered by Social Security,"Multiple employer, cost sharing plan",2,1,cost sharing multiple employer,0,0,1,0,0,1,0,0,0,0,0,0,1,0,0,0,http://www.trsga.com/active-member/retirement-service-and-disability/determining-your-retirement-benefit
25,29,29,Hawaii ERS,Employees’ Retirement System of the State of Hawaii,,TP,Membership- 2009,2001,2016,1,1,1926,0,,0,HI,Hawaii,Hawaii,1,Plan covers state and local employees,1,Plan members covered by Social Security,"Multiple employer, cost sharing plan",2,1,cost sharing multiple employer,1,1,0,1,1,1,1,1,1,1,1,1,1,1,0,0,http://ers.ehawaii.gov/resources/all-publications#Service_Retirement_Facts__
26,30,30,Houston Firefighters,Houston Firefighters’ Relief and Retirement Fund,,TP,Funding- 2004,2004,2016,1,1,1937,0,,2,TX,Texas,Houston,3,Plan covers police and/or fire,0,Plan members not covered by Social Security,Single employer ,1,,single employer,0,1,0,0,1,0,0,0,0,0,0,1,0,0,0,0,https://www.hfrrf.org/resource-center/publications/
27,31,31,Idaho PERS,Public Employee Retirement System of Idaho,,TP,,2001,2017,1,1,1963,0,,0,ID,Idaho,Idaho,1,Plan covers state and local employees,1,Plan members covered by Social Security,"Multiple employer, cost sharing plan",2,1,cost sharing multiple employer,1,1,1,1,1,1,1,1,1,1,1,1,1,1,0,0,http://www.persi.idaho.gov/members/base_plan.cfm
28,32,32,Illinois Municipal,Illinois Municipal Retirement Fund,,TP,Invest Return- 2010,2001,2016,1,2,1941,0,,0,IL,Illinois,Illinois,1,Plan covers state and local employees,1,Plan members covered by Social Security,"Multiple employer, agent plan",2,0,agent multiple employer,0,1,0,0,1,0,0,1,0,1,0,1,0,0,0,0,https://www.imrf.org/en/members/tier-2-slep-plan/retirement-benefits
29,33,33,Illinois SERS,State Employees' Retirement System of Illinois,,TP,,2001,2017,1,1,1944,0,,0,IL,Illinois,Illinois,1,Plan covers state and local employees,1,Plan members covered by Social Security,Single employer ,1,,single employer,1,0,0,1,0,0,1,0,0,0,0,0,0,0,0,0,https://www.srs.illinois.gov/SERS/retireben_sers.htm
30,34,34,Illinois Teachers,Teachers' Retirement System of The State of Illinois,,TP,,2001,2017,1,1,1939,0,,0,IL,Illinois,Illinois,2,Plan covers teachers,0,Plan members not covered by Social Security,"Multiple employer, cost sharing plan",2,1,cost sharing multiple employer,0,0,1,0,0,1,0,0,0,0,0,0,1,0,0,0,http://trs.illinois.gov/subsections/search/search.htm?cx=010733575213508238261%3Aovkjywxsals&cof=UTF-8&q=benefits&sa=Search#
31,35,35,Illinois Universities,State Universities Retirement System of Illinois,,TP,,2001,2017,1,1,1941,0,,0,IL,Illinois,Illinois,2,Plan covers teachers,0,Plan members not covered by Social Security,"Multiple employer, cost sharing plan",2,1,cost sharing multiple employer,1,0,0,1,0,0,0,0,0,0,0,0,1,0,0,0,http://www.surs.com/benefits
129,36,36,Indiana PERF,State of Indiana Public Employees' Retirement Fund,,TP,,2001,2017,1,1,1945,0,,0,IN,Indiana,Indiana,1,Plan covers state and local employees,1,Plan members covered by Social Security,"Multiple employer, agent plan",2,0,agent multiple employer,1,1,0,1,1,0,1,1,0,0,0,0,0,0,0,0,http://www.in.gov/inprs/publicemployees.htm
129,37,37,Indiana Teachers,Indiana State Teachers’ Retirement Fund,,CM,Asset Allocation- 2011,2001,2017,1,1,1921,0,,0,IN,Indiana,Indiana,2,Plan covers teachers,1,Plan members covered by Social Security,"Multiple employer, cost sharing plan",2,1,multiple employer cost-sharing,0,0,1,0,0,1,0,0,0,0,0,0,1,0,0,0,http://www.in.gov/inprs/trfmbrhandbookpensionbenefit.htm
34,38,38,Iowa PERS,Iowa Public Employees' Retirement System,,CM,,2001,2017,1,1,1953,0,,0,IA,Iowa,Iowa,1,Plan covers state and local employees,1,Plan members covered by Social Security,"Multiple employer, cost sharing plan",2,1,multiple employer cost sharing,1,1,1,1,1,1,1,1,1,1,1,1,1,1,0,0,https://www.ipers.org/members
35,39,39,Kansas PERS,Kansas Public Employees Retirement System,,CM,Act. Cost- 2002,2002,2016,1,2,1962,0,,0,KS,Kansas,Kansas,1,Plan covers state and local employees,1,Plan members covered by Social Security,"Multiemployer, cost sharing plan",3,1,multi-employer cost sharing,1,1,1,1,1,1,1,1,1,1,1,1,1,1,0,0,http://www.kpers.org/active/benefits.html
36,40,40,Kentucky County,County Employees Retirement System of Kentucky,,TP,,2001,2017,1,1,1958,0,,0,KY,Kentucky,Kentucky,1,Plan covers local employees,1,Plan members covered by Social Security,"Multiple employer, cost sharing plan",2,1,multiple employer cost-sharing,0,1,0,0,1,0,0,0,0,0,0,0,0,0,0,0,https://kyret.ky.gov/employees/Pages/default.aspx
36,41,41,Kentucky ERS,Kentucky Employees Retirement System,,TP,,2001,2017,1,1,1956,0,,0,KY,Kentucky,Kentucky,1,Plan covers state and local employees,1,Plan members covered by Social Security,"Multiple employer, cost sharing plan",2,1,multiple employer cost-sharing,1,0,0,1,0,0,0,0,0,0,0,0,0,0,0,0,https://kyret.ky.gov/employees/Pages/default.aspx
37,42,42,Kentucky Teachers,Teachers’ Retirement System of the State of Kentucky,,TP,,2001,2017,1,1,1940,0,,0,KY,Kentucky,Kentucky,2,Plan covers teachers,0,Plan members not covered by Social Security,"Multiple employer, cost sharing plan",2,1,cost sharing multiple employer,0,0,1,0,0,1,0,0,0,0,0,0,1,0,0,0,https://ktrs.ky.gov/you-have-a-defined-benefit-group-retirement-plan/
38,43,43,LA County ERS,Los Angeles County Employees Retirement Association,,TP,Membership- 2002,2001,2017,1,1,1938,0,,1,CA,California,Los Angeles County,1,Plan covers local employees,0,Plan members not covered by Social Security,"Multiple employer, cost sharing plan",2,1,cost sharing multiple employer,0,1,0,0,1,0,0,1,0,0,0,0,0,0,0,0,http://www.lacera.com/benefits/benefits.html
39,44,44,Louisiana SERS,Louisiana State Employees' Retirement System,,TP,,2001,2017,1,1,1947,0,,0,LA,Louisiana,Louisiana,1,Plan covers state employees,0,Plan members not covered by Social Security,Single employer ,1,,single employer,1,0,0,1,0,0,0,0,0,0,0,0,0,0,0,0,http://lasersonline.org/site.php?pageID=352
40,45,45,Louisiana Teachers,Louisiana State Teachers Retirement System ,,TP,,2001,2017,1,1,1936,0,,0,LA,Louisiana,Louisiana,2,Plan covers teachers,0,Plan members not covered by Social Security,"Multiple employer, cost sharing plan",2,1,cost sharing multiple employer,0,0,1,0,0,1,0,0,0,0,0,0,1,0,0,0,https://www.trsl.org/main/members/your_retirement/what_are_my_benefits
41,46,46,Maine Local,Maine Public Employees Retirement System - Consolidated Plan for Participating Local Districts,,TP,,2001,2017,1,1,1942,0,,0,ME,Maine,Maine,1,Plan covers local employees,0,Plan members not covered by Social Security,"Multiple employer, agent plan",2,0,Agent multiple employer,0,1,0,0,1,0,0,1,0,1,0,1,0,0,0,0,http://www.mainepers.org/Active%20Members/PLD_BeneInfo.htm
41,47,47,Maine State and Teacher,Maine Public Employees Retirement System - State and Teacher Retirement Program,,TP,,2001,2017,1,1,1942,0,,0,ME,Maine,Maine,2,Plan covers teachers,0,Plan members not covered by Social Security,"Multiple employer, cost sharing plan",2,1,cost sharing multiple employer,1,1,1,1,0,1,1,0,1,0,0,0,1,0,0,0,http://www.mainepers.org/Active%20Members/State_BeneInfo.htm
42,48,48,Maryland PERS,Maryland State Retirement and Pension System - Employees Combined System,,TP,2006/2009 incorrect data,2001,2017,1,1,1941,0,,0,MD,Maryland,Maryland,1,Plan covers state and local employees,1,Plan members covered by Social Security,"Multiple employer, cost sharing plan",2,1,cost sharing multiple employer,1,1,0,1,1,0,0,0,0,0,0,0,0,0,0,0,http://www.sra.maryland.gov/Participants/Members/Downloads/BenefitHandbooks.aspx
42,49,48,Maryland Teachers,Maryland State Retirement and Pension System - Teachers Combined System,,TP,2006/2009 incorrect data,2001,2017,1,1,1927,0,,0,MD,Maryland,Maryland,2,Plan covers teachers,1,Plan members covered by Social Security,"Multiple employer, cost sharing plan",2,1,cost sharing multiple employer,0,1,1,0,0,1,0,0,0,0,0,0,1,0,0,0,http://www.sra.maryland.gov/Participants/Members/Downloads/BenefitHandbooks.aspx
43,50,50,Massachusetts SRS,Massachusetts State Retirement System,,TP,Invest Return- 2011,2001,2017,1,1,1911,0,,0,MA,Massachusetts,Massachusetts,1,Plan covers state employees,0,Plan members not covered by Social Security,"Multiple employer, cost sharing plan",2,1,cost sharing multiple employer,1,0,0,1,0,0,0,0,0,0,0,0,0,0,0,0,http://www.mass.gov/treasury/retirement/for-current-emps/understanding-your-retirement-benefits.html
44,51,51,Massachusetts Teachers,Massachusetts Teachers’ Retirement System,,TP,Invest Return- 2011,2001,2017,1,1,1914,0,,0,MA,Massachusetts,Massachusetts,2,Plan covers teachers,0,Plan members not covered by Social Security,"Multiple employer, cost sharing plan",2,1,cost sharing multiple employer,1,0,0,0,0,1,0,0,0,0,0,0,1,0,0,0,http://www.mass.gov/mtrs/about-us/plan-summary/
45,52,52,Michigan Municipal,Municipal Employees' Retirement System of Michigan,,TP,,2001,2016,1,2,1945,0,,0,MI,Michigan,Michigan,1,Plan covers local employees,1,Most plan members covered by Social Security (each participating district decides their own SS participation).,"Multiple employer, agent plan",2,0,agent multiple employer,0,1,0,0,1,0,0,0,0,0,0,0,0,0,0,0,http://www.mersofmich.com/Retiree/Programs
46,53,53,Michigan Public Schools,Michigan Public School Employees’ Retirement System,,TP,,2001,2016,1,1,1945,0,,0,MI,Michigan,Michigan,2,Plan covers teachers,1,Plan members covered by Social Security,"Multiple employer, cost sharing plan",2,1,cost sharing multiple employer,0,0,1,0,0,1,0,0,0,0,0,0,1,0,0,0,"http://www.michigan.gov/orsschools/0,1607,7-206-36450---,00.html"
47,54,54,Michigan SERS,Michigan State Employees’ Retirement System,,TP,,2001,2016,1,1,1943,1,1997,0,MI,Michigan,Michigan,1,Plan covers state employees,1,Plan members covered by Social Security,Single employer ,1,,single employer,1,0,0,1,0,0,0,0,0,0,0,0,0,0,0,0,"http://www.michigan.gov/ors/0,4649,7-144-6183---,00.html"
49,55,55,Minneapolis ERF,Minneapolis Employees Retirement Fund,,TP,Plan merged w/ MNPERA 2015,2001,,1,1,1919,1,1978,2,MN,Minnesota,Minneapolis,1,Plan covers local employees,1,Plan members covered by Social Security,"Multiple employer, cost sharing plan",2,1,cost sharing multiple employer,1,1,0,0,1,0,0,1,0,0,0,0,0,0,0,0,http://www.mnpera.org/index.asp?Type=B_BASIC&SEC=%7BDFA41DB3-F380-41C7-9DAC-3DC18F84C34A%7D
49,56,56,Minnesota GERF,Minnesota General Employees Retirement Plan,,TP,,2001,2017,1,1,1931,0,,0,MN,Minnesota,Minnesota,1,Plan covers state and local employees,1,Plan members covered by Social Security,"Multiple employer, cost sharing plan",2,1,multiple employer cost sharing,0,1,0,0,1,0,0,0,0,0,0,0,0,0,0,0,https://www.msrs.state.mn.us/pension-plans
50,57,57,Minnesota State Employees,Minnesota State Employees Retirement Fund,,TP,,2001,2017,1,1,1929,0,,0,MN,Minnesota,Minnesota,1,Plan covers state employees,1,Plan members covered by Social Security,"Multiple employer, cost sharing plan",2,1,multiple employer cost sharing,1,0,0,1,0,0,0,0,0,0,0,0,0,0,0,0,https://www.msrs.state.mn.us/pension-plans
51,58,58,Minnesota Teachers,Teachers Retirement Association of Minnesota,,TP,,2001,2017,1,1,1931,0,,0,MN,Minnesota,Minnesota,2,Plan covers teachers,1,Plan members covered by Social Security,"Multiple employer, cost sharing plan",2,1,cost sharing multiple employer,0,0,1,0,0,1,0,0,0,0,0,0,1,0,0,0,https://www.minnesotatra.org/memberinfo/retbeneinfo.html
52,59,59,Mississippi PERS,Public Employees’ Retirement System of Mississippi,,TP,,2001,2017,1,1,1952,0,,0,MS,Mississippi,Mississippi,1,Plan covers state and local employees,1,Plan members covered by Social Security,"Multiple employer, cost sharing plan",2,1,cost-sharing multiple employer,1,1,1,1,1,1,0,0,0,0,0,0,0,0,0,0,http://www.pers.ms.gov/Content/Pages/Retirement-Plans.aspx
53,60,60,Missouri DOT and Highway Patrol,Missouri Department of Transportation and Highway Patrol Employees' Retirement System,,JFP,,2001,2016,1,1,1955,0,,0,MO,Missouri,Missouri,3,Plan covers police and/or fire,1,Plan members covered by Social Security,"Multiple employer, cost sharing plan",2,1,cost-sharing multiple employer,1,0,0,1,0,0,0,0,0,0,0,0,0,0,0,0,http://www.mpers.org/members/retirement-benefits/
54,61,61,Missouri Local,Missouri Local Government Employees Retirement System,,TP,,2001,2017,1,1,1967,0,,0,MO,Missouri,Missouri,1,Plan covers local employees,1,Plan members covered by Social Security,"Multiple employer, agent plan",2,0,agent multiple employer,0,1,0,0,1,0,0,0,0,0,0,0,0,0,0,0,http://www.molagers.org/summary-of-benefits.html
55,62,62,Missouri PEERS,Public Education Employee Retirement System of Missouri,,TP,,2001,2017,1,1,1965,0,,0,MO,Missouri,Missouri,1,Plan covers state and local employees,1,Plan members covered by Social Security,"Multiple employer, cost sharing plan",2,1,cost sharing multiple employer,0,0,1,0,0,1,0,0,0,0,0,0,0,0,0,0,https://www.psrs-peers.org/PEERS/Benefit-Plans.html
56,63,63,Missouri State Employees,Missouri State Employees’ Retirement System,,TP,,2001,2017,1,1,1957,0,,0,MO,Missouri,Missouri,1,Plan covers state employees,1,Plan members covered by Social Security,Single employer ,1,,single employer,1,0,0,1,0,0,0,0,0,0,0,0,0,0,0,0,https://www.mosers.org/Members/Benefits.aspx
55,64,62,Missouri Teachers,Public School Retirement System of Missouri,,TP,,2001,2017,1,1,1946,0,,0,MO,Missouri,Missouri,2,Plan covers teachers,0,Plan members not covered by Social Security,"Multiple employer, cost sharing plan",2,1,cost sharing multiple employer,0,0,1,0,0,1,0,0,0,0,0,0,1,0,0,0,https://www.psrs-peers.org/PSRS/Benefit-Plans.html
58,65,65,Montana PERS,Montana Public Employees' Retirement System,,TP,Funding/Membership -2004,2002,2017,1,1,1945,0,,0,MT,Montana,Montana,1,Plan covers state and local employees,1,Plan members covered by Social Security,"Multiple employer, cost sharing plan",2,1,multiple employer cost sharing,1,1,0,1,1,0,0,0,0,0,0,0,0,0,0,0,http://mpera.mt.gov/mmbrHandbooks.shtml
59,66,66,Montana Teachers,Teachers' Retirement System of Montana,,TP,Funding/Membership -2004,2002,2017,1,1,1937,0,,0,MT,Montana,Montana,2,Plan covers teachers,1,Plan members covered by Social Security,"Multiple employer, cost sharing plan",2,1,cost sharing multiple employer,0,0,1,0,0,1,0,0,0,0,0,0,1,0,0,0,https://trs.mt.gov/trs-info/recipients
60,67,67,Nebraska Schools,Nebraska Public Employees Retirement System - School Employees Plan,,TP,Invest Return- 2010,2001,2016,1,1,1945,0,,0,NE,Nebraska,Nebraska,2,Plan covers teachers,1,Plan members covered by Social Security,"Multiple employer, cost sharing plan",2,1,cost-sharing multiple employer,0,0,1,0,0,1,0,0,0,0,0,0,1,0,0,0,http://npers.ne.gov/SelfService/public/planInformation/school/schoolPlanInfo.jsp
61,68,68,Nevada Police Officer and Firefighter,Public Employees’ Retirement System of Nevada - Police and Firefighters Plan,,TP,,2001,2017,1,1,1947,0,,0,NV,Nevada,Nevada,3,Plan covers police and/or fire,0,Plan members not covered by Social Security,"Multiple employer, cost sharing plan",2,1,cost-sharing multiple employer,1,1,0,1,1,0,0,0,0,0,0,0,0,0,0,0,http://www.nvpers.org/public/publications/beneProgs.jsp
61,69,68,Nevada Regular Employees,Public Employees’ Retirement System of Nevada - Regular Employees Plan,,TP,,2001,2017,1,1,1947,0,,0,NV,Nevada,Nevada,1,Plan covers state and local employees,0,Plan members not covered by Social Security,"Multiple employer, cost sharing plan",2,1,cost-sharing multiple employer,1,1,1,1,1,1,0,0,0,0,0,0,0,0,0,0,http://www.nvpers.org/public/publications/beneProgs.jsp
62,70,70,New Hampshire Retirement System,New Hampshire Retirement System,,TP,Missing data for fye 2006,2001,2016,1,1,1967,0,,0,NH,New Hampshire,New Hampshire,1,Plan covers state and local employees,1,Plan members covered by Social Security,"Multiple employer, cost sharing plan",2,1,cost-sharing multiple employer,1,1,1,1,1,1,0,0,0,0,0,0,0,0,0,0,https://www.nhrs.org/members/benefits
63,71,71,New Jersey PERS,Public Employees’ Retirement System of New Jersey,,TP,,2001,2016,1,1,1955,0,,0,NJ,New Jersey,New Jersey,1,Plan covers state and local employees,1,Plan members covered by Social Security,"Multiple employer, cost sharing plan",2,1,cost sharing multiple employer,1,1,0,1,1,0,0,0,0,0,0,0,0,0,0,0,http://www.state.nj.us/treasury/pensions/pers1.shtml
63,72,72,New Jersey Police & Fire,The Police and Firemen’s Retirement System of New Jersey,,TP,,2001,2016,1,1,1944,0,,0,NJ,New Jersey,New Jersey,3,Plan covers police and/or fire,1,Plan members covered by Social Security,"Multiple employer, cost sharing plan",2,1,cost sharing multiple employer,1,1,0,1,1,0,0,0,0,0,0,0,0,0,0,0,http://www.state.nj.us/treasury/pensions/pfrs1.shtml
63,73,73,New Jersey Teachers,Teachers’ Pension and Annuity Fund of New Jersey,,TP,Funding- 2003,2001,2016,1,1,1955,0,,0,NJ,New Jersey,New Jersey,2,Plan covers teachers,1,Plan members covered by Social Security,"Multiple employer, cost sharing plan",2,1,cost sharing with a special funding situation,0,0,1,0,0,1,0,0,0,0,0,0,1,0,0,0,http://www.state.nj.us/treasury/pensions/tpaf1.shtml
64,74,74,New Mexico PERA,Public Employees Retirement Association of New Mexico,,TP,,2001,2017,1,1,1947,0,,0,NM,New Mexico,New Mexico,1,Plan covers state and local employees,1,Plan members covered by Social Security,"Multiple employer, cost sharing plan",2,1,multiple employer cost sharing,1,1,0,1,1,0,0,0,0,0,0,0,0,0,0,0,http://www.nmpera.org/for-retirees/forms-kits-handbooks
65,75,75,New Mexico Educational,Educational Retirement Board of New Mexico,,TP,,2001,2017,1,1,1937,0,,0,NM,New Mexico,New Mexico,2,Plan covers teachers,1,Plan members covered by Social Security,"Multiple employer, cost sharing plan",2,1,multiple employer cost sharing,0,0,1,0,0,1,0,0,0,0,0,0,1,0,0,0,https://www.nmerb.org/handbook.html
75,76,76,New York City ERS,New York City Employees' Retirement System,,TP,Membership - 2011,2001,2016,1,1,1920,0,,2,NY,New York,New York City,1,Plan covers local employees,1,Plan members covered by Social Security,"Multiple employer, cost sharing plan",2,1,cost sharing multiple employer,0,1,0,0,1,0,0,1,0,0,0,0,0,0,0,0,http://www.nycers.org/(S(2rjv3f45tcb0lp3e3c3kx4u2))/plan/index.aspx
57,77,77,New York City Teachers,Teachers’ Retirement System of the City of New York,,TP,Lag Valuation,2001,2015,1,1,1918,0,,5,NY,New York,New York City,2,Plan covers teachers,1,Plan members covered by Social Security,"Multiple employer, cost sharing plan",2,1,cost sharing multiple employer,0,0,1,0,0,1,0,0,0,0,0,0,1,0,0,0,https://www.trsnyc.org/trsweb/publications/publications.html
66,78,78,New York State Teachers,New York State Teachers’ Retirement System,,TP,,2001,2016,1,1,1921,0,,0,NY,New York,New York,2,Plan covers teachers,1,Plan members covered by Social Security,"Multiple employer, cost sharing plan",2,1,cost sharing multiple employer,0,1,1,0,0,1,0,0,0,0,0,0,1,0,0,0,https://www.nystrs.org/Benefits
67,79,79,North Carolina Local Government,North Carolina Local Governmental Employees’ Retirement System,,TP,2002 - Act costs/ Ave Benef to Ave Sal,2001,2016,1,1,1941,0,,0,NC,North Carolina,North Carolina,1,Plan covers local employees,1,Plan members covered by Social Security,"Multiple employer, cost sharing plan",2,1,cost sharing multiple employer,0,1,0,0,1,0,0,0,0,0,0,0,0,0,0,0,https://www.nctreasurer.com/Retirement-and-Savings/Managing-My-Retirement/Pages/Benefits-Handbooks.aspx
67,80,80,North Carolina Teachers and State Employees,Teachers’ and State Employees’ Retirement System of North Carolina,,TP,,2001,2016,1,1,1945,0,,0,NC,North Carolina,North Carolina,1,Plan covers state and local employees,1,Plan members covered by Social Security,"Multiple employer, cost sharing plan",2,1,cost sharing multiple employer,1,1,1,1,0,1,0,0,0,0,0,0,0,0,0,0,https://www.nctreasurer.com/Retirement-and-Savings/Managing-My-Retirement/Pages/Benefits-Handbooks.aspx
68,81,81,North Dakota PERS,North Dakota Public Employees Retirement System,,TP,,2001,2017,1,1,1977,0,,0,ND,North Dakota,North Dakota,1,Plan covers state and local employees,1,Plan members covered by Social Security,"Multiple employer, cost sharing plan",2,1,cost sharing multiple employer,1,1,0,1,1,0,0,0,0,0,0,0,0,0,0,0,http://www.nd.gov/ndpers/retirees/index.html
69,82,82,North Dakota Teachers,North Dakota Teachers' Fund for Retirement,,TP,,2001,2017,1,1,1913,0,,0,ND,North Dakota,North Dakota,2,Plan covers teachers,1,Plan members covered by Social Security,"Multiple employer, cost sharing plan",2,1,cost sharing multiple employer,0,0,1,0,0,1,0,0,0,0,0,0,1,0,0,0,http://www.nd.gov/rio/TFFR/Publications/default.htm
70,83,83,NY State & Local ERS,New York State and Local Retirement System - Employees’ Retirement System,,TP,Act Costs - 2011. / 2005 - Funded ratio,2001,2016,1,1,1921,0,,0,NY,New York,New York,1,Plan covers state and local employees,1,Plan members covered by Social Security,"Multiple employer, cost sharing plan",2,1,cost sharing multiple employer,1,1,0,1,1,0,0,0,0,0,0,0,0,0,0,0,http://www.osc.state.ny.us/retire/publications/vo1705.php#chapter1
70,84,83,NY State & Local Police & Fire,New York State and Local Retirement System - Police and Fire Retirement System,,TP,Act Costs - No Data,2001,2016,1,1,1966,0,,0,NY,New York,New York,3,Plan covers police and/or fire,1,Plan members covered by Social Security,"Multiple employer, cost sharing plan",2,1,cost sharing multiple employer,1,1,0,1,1,0,0,0,0,0,0,0,0,0,0,0,http://www.osc.state.ny.us/retire/publications/index.php#summarypfrs
71,85,85,Ohio PERS,Ohio Public Employees Retirement System,,TP,2002 - Invest ret / Ave Benef to Ave Sal,2001,2016,1,2,1935,0,,0,OH,Ohio,Ohio,1,Plan covers state and local employees,0,Plan members not covered by Social Security,"Multiple employer, cost sharing plan",2,1,cost-sharing multiple employer,1,1,0,1,1,0,0,0,0,0,0,0,0,0,0,0,https://www.opers.org/publications/members.shtml#handbook
72,86,86,Ohio Police & Fire,Ohio Police & Fire Pension Fund,,TP,,2001,2016,1,2,1967,0,,0,OH,Ohio,Ohio,3,Plan covers police and/or fire,0,Plan members not covered by Social Security,"Multiple employer, cost sharing plan",2,1,cost sharing multiple employer,1,1,0,1,1,0,0,0,0,0,0,0,0,0,0,0,https://www.op-f.org/Members/Guidebooks.aspx
73,87,87,Ohio School Employees,School Employees’ Retirement System of Ohio,,TP,,2001,2017,1,1,1937,0,,0,OH,Ohio,Ohio,1,Plan covers state and local employees,0,Plan members not covered by Social Security,"Multiple employer, cost sharing plan",2,1,cost sharing multiple employer,0,0,1,0,0,1,0,0,0,0,0,0,0,0,0,0,https://www.ohsers.org/member-publications
74,88,88,Ohio Teachers,School Employees’ Retirement System of Ohio,,TP,,2001,2016,1,1,1919,0,,0,OH,Ohio,Ohio,2,Plan covers teachers,0,Plan members not covered by Social Security,"Multiple employer, cost sharing plan",2,1,cost sharing multiple employer,0,0,1,0,0,1,0,0,0,0,0,0,1,0,0,0,https://www.strsoh.org/videos/retirement-benefits-presentation-defined-benefit-plan.html
76,89,89,Oklahoma PERS,Oklahoma Public Employees Retirement System,,TP,,2001,2017,1,1,1964,0,,0,OK,Oklahoma,Oklahoma,1,Plan covers state and local employees,1,Plan members covered by Social Security,"Multiple employer, cost sharing plan",2,1,cost sharing multiple employer,1,1,0,1,1,0,0,0,0,0,0,0,0,0,0,0,http://www.opers.ok.gov/publications
77,90,90,Oklahoma Teachers,Teachers' Retirement System of Oklahoma,,TP,2011- Asset A,2001,2017,1,1,1943,0,,0,OK,Oklahoma,Oklahoma,2,Plan covers teachers,1,Plan members covered by Social Security,"Multiple employer, cost sharing plan",2,1,cost sharing multiple employer,0,0,1,0,0,1,0,0,0,0,0,0,1,0,0,0,https://www.ok.gov/TRS/Publications/index.html
78,91,91,Oregon PERS,Oregon Public Employees Retirement System,,TP, 2010- Act Costs,2001,2016,1,1,1946,0,,0,OR,Oregon,Oregon,1,Plan covers state and local employees,1,Plan members covered by Social Security,"Multiple employer, cost sharing plan",2,1,cost sharing multiple employer,1,1,1,1,1,1,0,0,0,0,0,0,0,0,0,0,http://www.oregon.gov/pers/mem/Pages/section/form/index.aspx
79,92,92,Pennsylvania School Employees,Public School Employees’ Retirement System of Pennsylvania,,TP,,2001,2016,1,1,1917,0,,0,PA,Pennsylvania,Pennsylvania,2,Plan covers teachers,1,Plan members covered by Social Security,"Multiple employer, cost sharing plan",2,1,cost sharing multiple employer,0,0,1,0,0,1,0,0,0,0,0,0,1,0,0,0,http://www.psers.state.pa.us/publications/active/activehandbook.htm
80,93,93,Pennsylvania State ERS,Pennsylvania State Employees’ Retirement System,,TP,2008- Ave Benef. to Ave Sal ,2001,2016,1,2,1923,0,,0,PA,Pennsylvania,Pennsylvania,1,Plan covers state employees,1,Plan members covered by Social Security,"Multiple employer, cost sharing plan",2,1,cost sharing multiple employer,1,0,0,1,0,0,0,0,0,0,0,0,0,0,0,0,http://sers.pa.gov/newsroom_facts.aspx
81,94,94,Phoenix ERS,Phoenix Employees' Retirement System,,CM,Invest ret - 2011,2001,2017,1,1,1953,0,,2,AZ,Arizona,Phoenix,1,Plan covers local employees,1,Plan members covered by Social Security,Single employer ,1,,single employer,0,1,0,0,1,0,0,1,0,0,0,0,0,0,0,0,https://www.ers.state.tx.us/Employees/Retirement/Benefits/
82,95,95,Rhode Island ERS,Employees’ Retirement System of Rhode Island,,TP,2003- Invest ret,2001,2017,1,1,1936,0,,0,RI,Rhode Island,Rhode Island,1,Plan covers state and local employees,1,Plan members covered by Social Security,"Multiple employer, cost sharing plan",2,1,cost sharing multiple employer,1,1,1,1,0,1,0,0,0,0,0,0,0,0,0,0,http://content.ersri.org/pension-settlement-information-2015/#gsc.tab=0
82,96,96,Rhode Island Municipal,Rhode Island Municipal Employees’ Retirement System,,TP,2003- Invest ret,2001,2017,1,1,1951,0,,0,RI,Rhode Island,Rhode Island,1,Plan covers local employees,1,Plan members covered by Social Security,"Multiple employer, agent plan",2,0,agent multiple employer,0,1,0,0,1,0,0,0,0,0,0,0,0,0,0,0,http://content.ersri.org/pension-settlement-information-2015/#gsc.tab=0
83,97,97,San Diego County,San Diego County Employees Retirement Association,,TP,2009- Ave Benef to Ave Sal,2001,2017,1,1,1939,0,,1,CA,California,San Diego County,1,Plan covers local employees,1,Plan members covered by Social Security,"Multiple employer, cost sharing plan",2,1,cost sharing multiple employer,0,1,0,0,1,0,0,1,0,0,0,0,0,0,0,0,http://www.sdcera.org/active_retirement_benefit.htm
84,98,98,San Francisco City & County,San Francisco City & County Employees' Retirement System,,CM,2005-  ER ARC,2001,2016,1,1,1922,0,,2,CA,California,San Francisco,1,Plan covers local employees,1,Plan members covered by Social Security,"Multiple employer, cost sharing plan",2,1,single employer,0,1,0,0,1,0,0,0,0,0,0,0,0,0,0,0,https://mysfers.org/retired-members/miscellaneous-safety-members/retirement-benefits/
85,99,99,South Carolina Police,South Carolina Police Officers Retirement System,,TP,,2001,2017,1,1,1962,0,,0,SC,South Carolina,South Carolina,3,Plan covers police and/or fire,1,Plan members covered by Social Security,"Multiple employer, cost sharing plan",2,1,cost sharing multiple employer,1,1,0,1,1,0,0,0,0,0,0,0,0,0,0,0,http://www.peba.sc.gov/retirement.html
85,100,100,South Carolina RS,South Carolina Retirement System,,TP,,2001,2017,1,1,1945,0,,0,SC,South Carolina,South Carolina,1,Plan covers state and local employees,1,Plan members covered by Social Security,"Multiple employer, cost sharing plan",2,1,cost sharing multiple employer,1,1,0,1,1,1,0,0,0,0,0,0,0,0,0,0,http://www.peba.sc.gov/retirement.html
86,101,101,South Dakota RS,South Dakota Retirement System,,TP,,2001,2016,1,1,1974,0,,0,SD,South Dakota,South Dakota,1,Plan covers state and local employees,1,Plan members covered by Social Security,"Multiple employer, cost sharing plan",2,1,cost sharing multiple employer,1,1,1,1,1,1,0,0,0,0,0,0,0,0,0,0,http://sdrs.sd.gov/publications.aspx
87,102,102,St. Louis School Employees,Public School Retirement System of the City of St. Louis,,TP,2005- Act costs - 2011. Invest Ret missing 2011,2001,2016,1,2,1944,0,,5,MO,Missouri,St. Louis,2,Plan covers teachers,1,Plan members covered by Social Security,"Multiple employer, cost sharing plan",2,1,cost-sharing multiple employer,0,0,1,0,0,1,0,0,0,0,0,0,1,0,0,0,http://www.psrsstl.org/resources.aspx
88,103,103,St. Paul Teachers,St. Paul Teachers Retirement Fund,,TP,,2001,2016,1,1,1909,0,,5,MN,Minnesota,St. Paul,2,Plan covers teachers,1,Plan members covered by Social Security,Single employer ,1,,single employer,0,0,1,0,0,1,0,0,0,0,0,0,1,0,0,0,http://sptrfa.org/publications/reports/
89,104,104,Texas County & District,Texas County & District Retirement System,,TP,2007- Act Cost,2002,2016,1,2,1967,0,,0,TX,Texas,Texas,1,Plan covers local employees,1,Most plan members covered by Social Security (each participating county or district decides their own SS participation).,"Multiple employer, agent plan",2,0,agent multiple employer,0,1,0,0,1,0,0,0,0,0,0,0,0,0,0,0,https://www.tcdrs.org/Members/YourPlanAndBenefits/Pages/YourPlanBenefits.aspx
90,105,105,Texas ERS,Employees Retirement System of Texas,,TP,,2001,2017,1,1,1947,0,,0,TX,Texas,Texas,1,Plan covers state and local employees,1,Plan members covered by Social Security,Single employer ,1,,Single employer,1,1,0,1,0,0,0,0,0,0,0,0,0,0,0,0,http://www.ers.state.tx.us/Employees/New-Employee/Overview/
90,106,106,Texas LECOS,Employees Retirement System of Texas - Law Enforcement and Custodial Officer Supplemental Retirement Fund,,TP,2007 - ER ARC,2001,2017,1,1,1979,0,,0,TX,Texas,Texas,3,Plan covers police and/or fire,1,Plan members covered by Social Security,Single employer ,1,,Single employer,1,1,0,1,0,0,0,0,0,0,0,0,0,0,0,0,https://www.ers.state.tx.us/Employees/Retirement/Types_of_Retirement/
91,107,107,Texas Municipal,Texas Municipal Retirement System,,TP,Asset A/ Act Cost- 2008,2001,2016,1,2,1947,0,,0,TX,Texas,Texas,1,Plan covers local employees,1,Plan members covered by Social Security,"Multiple employer, agent plan",2,0,agent multiple employer,0,1,0,0,1,0,0,0,0,0,0,0,0,0,0,0,http://www.tmrs.org/member_benefits.php
92,108,108,Texas Teachers,Teacher Retirement System of Texas,,TP,2003 - Membeship,2001,2017,1,1,1937,0,,0,TX,Texas,Texas,2,Plan covers teachers,0,Plan members not covered by Social Security,"Multiple employer, cost sharing plan",2,1,multiple employer cost-sharing,0,0,1,0,0,1,0,0,0,0,0,0,1,0,0,0,http://www.trs.texas.gov/global.jsp?page_id=/global/publications_all
93,109,109,TN Political Subdivisions,Tennessee Political Subdivisions Retirement Plan,,TP,,2001,2016,1,1,1972,0,,0,TN,Tennessee,Tennessee,1,Plan covers local employees,1,Plan members covered by Social Security,"Multiple employer, agent plan",2,0,agent multiple employer,0,1,0,0,1,0,0,0,0,0,0,0,0,0,0,0,http://treasury.tn.gov/tcrs/Pub.html
93,110,109,TN State and Teachers,Tennesee State and Teachers' Retirement Plan,,TP,,2001,2016,1,1,1972,0,,0,TN,Tennessee,Tennessee,1,Plan covers state employees,1,Plan members covered by Social Security,Teachers are covered under a cost sharing plan; state employees are covered under a multi-employer agent plan,2,1,cost sharing multiple employer,1,1,1,1,0,1,0,0,0,0,0,0,0,0,0,0,http://treasury.tn.gov/tcrs/Pub.html
94,111,111,University of California,University of California Retirement Plan,,CM,2007- ER ARC,2001,2016,0,1,1961,0,,0,CA,California,University of California,2,Plan covers teachers,1,Plan members covered by Social Security,"Multiple employer, cost sharing plan",2,1,cost sharing multiple employer,1,0,0,1,0,0,0,0,0,0,0,0,1,0,0,0,http://www.ucop.edu/financial-accounting/financial-reports/index.html
95,112,112,Utah Noncontributory,Utah Public Employees Noncontributory Retirement System,,TP,2002 . Check Act Cost,2001,2016,1,2,1963,0,,0,UT,Utah,Utah,1,Plan covers state and local employees,1,Plan members covered by Social Security,"Multiple employer, cost sharing plan",2,1,cost sharing multiple employer,1,1,1,1,1,1,0,0,0,0,0,0,0,0,0,0,https://www.urs.org/Pages/Members/MembersHome.aspx
96,113,113,Vermont State Employees,Vermont State Employees' Retirement System,,TP,,2001,2016,1,1,1944,0,,0,VT,Vermont,Vermont,1,Plan covers state employees,1,Plan members covered by Social Security,"Multiple employer, cost sharing plan",2,1,cost sharing multiple employer,1,0,0,1,0,0,0,0,0,0,0,0,0,0,0,0,http://www.vermonttreasurer.gov/retirement
97,114,114,Vermont Teachers,State Teachers' Retirement System of Vermont,,TP,,2001,2017,1,1,1947,0,,0,VT,Vermont,Vermont,2,Plan covers teachers,1,Plan members covered by Social Security,"Multiple employer, cost sharing plan",2,1,cost sharing multiple employer,1,0,0,0,0,1,0,0,0,0,0,0,1,0,0,0,http://www.vermonttreasurer.gov/retirement
98,115,115,Virginia Retirement System,Virginia Retirement System,,TP,,2001,2017,1,1,1942,0,,0,VA,Virginia,Virginia,1,Plan covers state and local employees,1,Plan members covered by Social Security,"Multiple employer, agent plan",2,0,mixed agent and cost sharing multiple employer,1,1,1,1,1,1,0,0,0,0,0,0,0,0,0,0,http://www.varetire.org/members/benefits/index.asp
99,117,117,Washington LEOFF Plan 2,Washington Law Enforcement Officers and Firefighters Plan 2,,TP,,2001,2016,1,1,1977,0,,0,WA,Washington,Washington,3,Plan covers police and/or fire,1,Plan members covered by Social Security,"Multiple employer, cost sharing plan",2,1,cost sharing multiple employer,1,1,0,1,1,0,0,0,0,0,0,0,0,0,0,0,http://www.drs.wa.gov/publications/publications.html
99,119,117,Washington PERS 2/3,Washington Public Employees’ Retirement System,,TP,2002 - Membership,2001,2016,1,1,1977,0,,0,WA,Washington,Washington,1,Plan covers state and local employees,1,Plan members covered by Social Security,"Multiple employer, cost sharing plan",2,1,cost sharing multiple employer,1,1,0,1,1,0,0,0,0,0,0,0,0,0,0,0,http://www.drs.wa.gov/publications/publications.html
99,120,117,Washington School Employees Plan 2/3,Washington School Employees Plan 2/3,,TP,,2001,2016,1,1,2000,0,,0,WA,Washington,Washington,1,Plan covers state and local employees,1,Plan members covered by Social Security,"Multiple employer, cost sharing plan",2,1,cost sharing multiple employer,0,0,1,0,0,1,0,0,0,0,0,0,0,0,0,0,http://www.drs.wa.gov/publications/publications.html
99,122,117,Washington Teachers Plan 2/3,Washington Teachers Plan 2/3,,TP,,2001,2016,1,1,1977,0,,0,WA,Washington,Washington,2,Plan covers teachers,1,Plan members covered by Social Security,"Multiple employer, cost sharing plan",2,1,cost sharing multiple employer,0,0,1,0,0,1,0,0,0,0,0,0,1,0,0,0,http://www.drs.wa.gov/publications/publications.html
100,123,123,West Virginia PERS,West Virginia Public Employees’ Retirement System,,TP,,2001,2016,1,1,1961,0,,0,WV,West Virginia,West Virginia,1,Plan covers state and local employees,1,Plan members covered by Social Security,"Multiple employer, cost sharing plan",2,1,cost sharing multiple employer,1,1,0,1,1,0,0,0,0,0,0,0,0,0,0,0,https://www.wvretirement.com/PERS.html
100,124,124,West Virginia Teachers,West Virginia Teachers’ Retirement System,,TP,2002 - Invest ret. Plan closed 1991-2005. Currently active.,2002,2016,1,1,1941,1,1991,0,WV,West Virginia,West Virginia,2,Plan covers teachers,1,Plan members covered by Social Security,"Multiple employer, cost sharing plan",2,1,cost sharing multiple employer,0,0,1,0,0,1,0,0,0,0,0,0,1,0,0,0,https://www.wvretirement.com/TRS.html
101,125,125,Wisconsin Retirement System,Wisconsin Retirement System,,TP,Asset A - 2011,2001,2016,1,2,1982,0,,0,WI,Wisconsin,Wisconsin,1,Plan covers state and local employees,1,Plan members covered by Social Security,"Multiple employer, cost sharing plan",2,1,cost sharing multiple employer,1,1,1,1,1,1,0,0,0,0,0,0,0,0,0,0,http://etf.wi.gov/members/benefits_wrs.htm
102,126,126,Wyoming Public Employees,State of Wyoming Retirement System,,TP,2002- Membeship,2001,2016,1,2,1949,0,,0,WY,Wyoming,Wyoming,1,Plan covers state and local employees,1,Plan members covered by Social Security,"Multiple employer, cost sharing plan",2,1,cost sharing multiple employer,1,1,1,1,1,1,0,0,0,0,0,0,0,0,0,0,http://retirement.state.wy.us/pension/index.html
103,127,127,Arizona State Corrections Officers,Arizona State Corrections Officers Retirement Plan,2012 CAFR p 28,CM,,2001,2017,0,1,1968,0,,0,AZ,Arizona,Arizona,3,Plan covers police and/or fire,1,Plan members covered by Social Security,"Multiple employer, agent plan",2,0,Agent Multiple Employer,1,1,0,1,1,0,0,0,0,0,0,0,0,0,0,0,http://www.psprs.com/sys_corp/cato_corp.htm
104,128,128,Connecticut Municipal,Connecticut Municipal Employees Retirement System,,CM,,2006,2016,0,1,1947,0,,0,CT,Connecticut,Connecticut,1,Plan covers local employees,1,Plan members covered by Social Security,"Multiple employer, cost sharing plan",2,1,Cost-sharing Multiple Employer,0,1,0,0,1,0,0,0,0,0,0,0,0,0,0,0,http://www.osc.ct.gov/rbsd/cmers/membretire/employees.htm
105,129,129,Iowa Municipal Fire and Police,Municipal Fire and Police Retirement System of Iowa,2012 CAFR p 7,CM,2007- Funding,2002,2017,0,1,1992,0,,0,IA,Iowa,Iowa,3,Plan covers police and/or fire,1,Plan members covered by Social Security,"Multiemployer, cost sharing plan",3,1,Cost-sharing Multi-employer,0,1,0,0,1,0,0,0,0,0,0,0,0,0,0,0,http://www.mfprsi.org/about-mfprsi/publications/
106,130,130,Louisiana Municipal Police,Louisiana Municipal Police Employees Retirement System,2012 CAFR p 14,TP,Invest. Return - No Data,2003,2017,0,1,1973,0,,0,LA,Louisiana,Louisiana,3,Plan covers police and/or fire,0,Plan members not covered by Social Security,"Multiple employer, cost sharing plan",2,1,Cost-sharing Multiple Employer,0,1,0,0,1,0,0,0,0,0,0,0,0,0,0,0,http://lampers.org/mpers-handbook/
107,131,131,Louisiana Schools,Louisiana School Employees' Retirement System,2012 CAFR p 15,TP, 2006- Asset A,2006,2017,0,1,1946,0,,0,LA,Louisiana,Louisiana,1,Plan covers state and local employees,0,Plan members not covered by Social Security,"Multiple employer, cost sharing plan",2,1,Cost-sharing Multiple Employer,0,0,1,0,0,1,0,0,0,0,0,0,0,0,0,0,https://lsers.net/LSERS/PlansandOptions.aspx
108,132,132,Louisiana State Parochial Employees,Louisiana State Parochial Employees Retirement System,2012 CAFR p 13,TP,Invest. Return - No Data,2006,2016,0,2,1953,0,,0,LA,Louisiana,Louisiana,1,Plan covers state and local employees,0,"Plan A members are not covered by Social Security, Plan B members are covered by Social Security","Multiple employer, cost sharing plan",2,1,Cost-sharing Multiple Employer,0,1,0,0,1,0,0,0,0,0,0,0,0,0,0,0,http://www.persla.org/
49,133,133,Minnesota Police and Fire Retirement Fund,Minnesota Public Employees Police & Fire Plan,2012 CAFR p 13,TP,MPERA est. 1931. P&F added in 1959. ,2001,2017,0,1,1959,0,,0,MN,Minnesota,Minnesota,3,Plan covers police and/or fire,1,Plan members covered by Social Security,"Multiple employer, cost sharing plan",2,1,Cost-sharing Multiple Employer,1,1,0,0,1,0,0,0,0,0,0,0,0,0,0,0,http://www.mnpera.org/index.asp?Type=B_BASIC&SEC={9940C021-2F3F-4C6E-9B19-BD406C532D84}
109,134,134,Oklahoma Police,Oklahoma Police Pension and Retirement System,2012 CAFR p 7,TP,,2011,2017,0,1,1981,0,,0,OK,Oklahoma,Oklahoma,3,Plan covers police and/or fire,1,Plan members covered by Social Security,"Multiple employer, cost sharing plan",2,1,Cost-sharing Multiple Employer,1,1,0,0,1,0,0,0,0,0,0,0,0,0,0,0,https://www.ok.gov/OPPRS/Publications/index.html
95,135,112,Utah Public Safety,Utah Public Safety and Firefighter Retirement Plan,2012 CAFR p 185,TP,Act Costs - 2005-2011,2001,2016,0,2,1963,0,,0,UT,Utah,Utah,3,Plan covers police and/or fire,1,Plan members covered by Social Security,"Multiple employer, cost sharing plan",2,1,Mixed Cost-Sharing/Agent. Multiple Employer.,1,1,0,1,1,0,0,0,0,0,0,0,0,0,0,0,https://www.urs.org/Publications/Members
127,136,136,Pennsylvania Municipal Retirement System,Pennsylvania Municipal Retirement System,2012 CAFR p 24,TP,ER ARC- 2011,2002,2016,0,2,1974,0,,0,PA,Pennsylvania,Pennsylvania,1,Plan covers local employees,1,Plan members covered by Social Security,"Multiple employer, agent plan",2,0,Agent Multi-employer,0,1,0,0,1,0,0,0,0,0,0,0,0,0,0,0,http://www.pmrs.state.pa.us/pensions/index.html
110,137,137,Alameda County ERS,Alameda County Employee's Retirement Association,2012 CAFR p 2,TP,Plan does not show values.,2003,2016,0,2,1947,0,,1,CA,California,Alameda County,1,Plan covers local employees,1,Plan members covered by Social Security,"Multiple employer, cost sharing plan",2,1,Cost-sharing Multiple Employer,0,1,0,0,1,0,0,0,0,0,0,0,0,0,0,0,http://www.acera.org/benefits
111,138,138,Kern County ERS,Kern County Employees Retirement Association,2012 CAFR p 7,TP,,2001,2017,0,1,1945,0,,1,CA,California,Kern County,1,Plan covers local employees,1,Plan members covered by Social Security,"Multiple employer, cost sharing plan",2,1,Cost-sharing Multiple Employer,0,1,0,0,1,0,0,0,0,0,0,0,0,0,0,0,http://www.kcera.org/active-members/your-kcera-membership/membership-facts/
112,139,139,Los Angeles ERS,Los Angeles City Employees Retirement System,2012 CAFR p 34,TP,2004 - Invest Ret,2001,2017,0,1,1937,0,,2,CA,California,Los Angeles City,1,Plan covers local employees,0,Plan members not covered by Social Security,Single employer ,1,,Single Employer,0,1,0,0,1,0,0,0,0,0,0,0,0,0,0,0,http://www.lacers.org/active/index.html
113,140,140,Los Angeles Fire and Police,Los Angeles City Fire and Police Pension System,2012 CAFR p 107,TP,,2002,2017,0,1,1901,0,,2,CA,California,Los Angeles City,3,Plan covers police and/or fire,1,Plan members covered by Social Security,Single employer ,1,,Single Employer,0,1,0,0,1,0,0,0,0,0,0,0,0,0,0,0,https://www.lafpp.com/members
114,141,141,Los Angeles Water and Power,Los Angeles Water Power Employees Retirement Plan,2012 CAFR p 30,TP,,2002,2017,0,1,1938,0,,2,CA,California,Los Angeles City,1,Plan covers local employees,1,Plan members covered by Social Security,Single employer ,1,,Single Employer,0,1,0,0,1,0,0,0,0,0,0,0,0,0,0,0,http://retirement.ladwp.com/table_of_contents.htm
115,142,142,Orange County ERS,Orange County Employees Retirement System,2012 CAFR p 3,CM,,2003,2016,0,2,1945,0,,1,CA,California,Orange County,1,Plan covers local employees,1,Plan members covered by Social Security,"Multiple employer, cost sharing plan",2,1,Cost-sharing Multi-employer,0,1,0,0,1,0,0,0,0,0,0,0,0,0,0,0,http://www.ocers.org/member_active/membership.htm
116,143,143,Sacramento County ERS,Sacramento County Employees' Retirement System,2012 CAFR p 8,TP,,2001,2017,0,1,1941,0,,1,CA,California,Sacramento County,1,Plan covers local employees,1,Plan members covered by Social Security,"Multiple employer, cost sharing plan",2,1,Cost-sharing Multiple Employer,0,1,0,0,1,0,0,0,0,0,0,0,0,0,0,0,http://www.retirement.saccounty.net/Pages/default.aspx
117,144,144,San Diego City ERS,San Diego City Employees' Retirement System,2012 CAFR p 8,CM,,2001,2016,0,1,1927,0,,2,CA,California,San Diego,1,Plan covers local employees,1,Plan members covered by Social Security,Single employer ,1,,Single Employer,0,1,0,0,1,0,0,0,0,0,0,0,0,0,0,0,https://www.sdcers.org/Member-Benefits/Active/City-of-San-Diego.aspx
118,145,145,Chicago Municipal Employees,Chicago Municipal Employees Annuity Benefit Fund,2012 CAFR p 9,CM,,2006,2016,0,2,1921,0,,2,IL,Illinois,Chicago,1,Plan covers local employees,1,Plan members covered by Social Security,Single employer ,1,,Single Employer,0,1,0,0,1,0,0,0,0,0,0,0,0,0,0,0,http://www.meabf.org/members/publications
119,146,146,Chicago Police,Chicago Policemen's Annuity Benefit Fund,2012 CAFR p 6,CM,,2007,2016,0,2,1921,0,,2,IL,Illinois,Chicago,3,Plan covers police and/or fire,1,Plan members covered by Social Security,Single employer ,1,,Single Employer,0,1,0,0,1,0,0,0,0,0,0,0,0,0,0,0,http://www.chipabf.org/ChicagoPolicePension/ActiveMembers.html
120,147,147,Cook County Employees,Cook County Employees Annuity Benefit Fund,2012 CAFR p 12/32,CM,2009 - Invest Ret,2008,2016,0,2,1926,0,,1,IL,Illinois,Cook County,1,Plan covers local employees,1,Plan members covered by Social Security,Single employer ,1,,Single Employer,0,1,0,0,1,0,0,0,0,0,0,0,0,0,0,0,http://www.cookcountypension.com/
121,148,148,Boston Retirement Board,Boston Retirement Board,2012 CAFR p 14,TP,Membership- No Data,2005,2015,0,2,1911,0,,2,MA,Massachusetts,Boston,1,Plan covers local employees,0,Plan members not covered by Social Security,"Multiple employer, cost sharing plan",2,1,Cost-sharing Multiple Employer,0,1,0,0,1,0,0,0,0,0,0,0,0,0,0,0,https://www.cityofboston.gov/retirement/
122,149,149,New York City Fire,New York City Fire Dept Article 1B Pension Fund,2012 CAFR p 12,TP,Lag Valuation,2001,2015,0,1,1941,0,,2,NY,New York,New York City,3,Plan covers police and/or fire,1,Plan members covered by Social Security,Single employer ,1,,Single Employer,0,1,0,0,1,0,0,0,0,0,0,0,0,0,0,0,http://www.nyc.gov/html/fdny/html/emp_resources/uniformed_fire_pension.shtml
123,150,150,New York City Police,New York Police Pension Fund Article 2,2012 CAFR p 8,TP,Lag Valuation,2001,2015,0,1,1940,0,,2,NY,New York,New York City,3,Plan covers police and/or fire,1,Plan members covered by Social Security,Single employer ,1,,Single Employer,0,1,0,0,1,0,0,0,0,0,0,0,0,0,0,0,http://www.nyc.gov/html/nycppf/html/home/home.shtml
124,151,151,Milwaukee City ERS,Milwaukee County Employees Retirement System,2012 AV p 45,TP,2009 - ER ARC ,2003,2016,0,2,1938,0,,2,WI,Wisconsin,Milwaukee,1,Plan covers local employees,1,Plan members covered by Social Security,"Multiple employer, cost sharing plan",2,1,Cost-sharing Multi-employer,0,1,0,0,1,0,0,0,0,0,0,0,0,0,0,0,http://www.cmers.com/Library/Member-Handbook.htm
125,152,152,Philadelphia Municipal Retirement System,Philadelphia Municipal Retirement System,2011 CAFR p 12,TP,Asset A /Invest Ret- 2011,2001,2016,0,1,1915,0,,2,PA,Pennsylvania,Philadelphia,1,Plan covers local employees,1,Plan members covered by Social Security,Single employer ,1,,,0,1,0,0,1,0,0,0,0,0,0,0,0,0,0,0,http://www.phila.gov/pensions/reports/Pages/default.aspx
126,153,153,Dallas Police and Fire,Dallas Police and Fire Pension System,2012 CAFR p 2,TP,2009 -  Asset A,2001,2016,0,2,1916,0,,2,TX,Texas,Dallas,3,Plan covers police and/or fire,1,Plan members covered by Social Security,Single employer ,1,,Agent Single Employer,0,1,0,0,1,0,0,0,0,0,0,0,0,0,0,0,https://www.dpfp.org/handbook.html
130,154,154,Detroit Police and Fire,Detroit Police and Fire Retirement System,2014 CAFR p 7 p 53,TP,Frozen plan,2001,2016,0,1,1941,1,2014,2,MI,Michigan,Detroit,3,Plan covers police and/or fire,0,Plan members not covered by Social Security,Single employer ,1,,Single Employer,0,1,0,0,1,0,0,0,0,0,0,0,0,0,0,0,http://www.pfrsdetroit.org/Resources/FAQs/articleType/CategoryView/categoryId/10/Active-Employees
131,155,155,Baltimore Fire and Police,Baltimore Fire and Police Employees Retirement System,,TP,,2001,2017,0,1,1962,0,,2,MD,Maryland,Baltimore,3,Plan covers police and/or fire,1,Plan members covered by Social Security,Single employer ,1,,Single Employer,0,1,0,0,1,0,0,0,0,0,0,0,0,0,0,0,http://www.bcfpers.org/services-view/fp-benefits-overview/
132,156,156,Seattle ERS,Seattle City Employees Retirement System,,CC,,2001,2015,0,2,1929,0,,2,WA,Washington,Seattle,1,Plan covers local employees,1,Plan members covered by Social Security,Single employer ,1,,Single Employer,0,1,0,0,1,0,0,0,0,0,0,0,0,0,0,0,http://www.seattle.gov/retirement/active-members
133,157,157,Portland Fire and Police,Portland Fire and Police Disability Retirement Fund,,CC,Removed from PPD,2003,2016,0,1,1948,1,2007,2,OR,Oregon,Portland,3,Plan covers police and/or fire,0,Plan members not covered by Social Security,Single employer ,1,,Single Employer,0,1,0,0,1,0,0,0,0,0,0,0,0,0,0,0,http://www.portlandoregon.gov/fpdr/68499
134,158,158,Nashville-Davidson ERS,NashvilleDavidson Metropolitan Employees Benefit Trust Fund,,CC,,2001,2016,0,1,,0,,2,TN,Tennessee,Nashville-Davidson,1,Plan covers local employees,0,Plan members not covered by Social Security,Single employer ,1,,Single Employer,0,1,0,0,1,0,0,0,0,0,0,0,0,0,0,0,http://www.nashville.gov/Finance/Office-of-the-Treasurer/Investments.aspx
135,159,159,Jacksonville ERS,Jacksonville General Employee Pension Plan,,CC,,2001,2016,0,1,,0,,2,FL,Florida,Jacksonville,1,Plan covers local employees,1,Plan members covered by Social Security,Single employer ,1,,Single Employer,0,1,0,0,1,0,0,0,0,0,0,0,0,0,0,0,http://www.coj.net/departments/finance/retirement-system
136,160,160,Cincinatti ERS,Cincinnati Employees Retirement System,,CC,,2001,2016,0,1,1931,0,,2,OH,Ohio,Cincinnati,1,Plan covers local employees,0,Plan members not covered by Social Security,Single employer ,1,,Single Employer,0,1,0,0,1,0,0,0,0,0,0,0,0,0,0,0,http://www.cincinnati-oh.gov/retirement/pension-benefits/
137,161,161,Atlanta ERS,Atlanta General Employees Pension Fund,,CC,,2001,2016,0,1,1927,0,,2,GA,Georgia,Atlanta,1,Plan covers local employees,0,Plan members not covered by Social Security,Single employer ,1,,Single Employer,0,1,0,0,1,0,0,0,0,0,0,0,0,0,0,0,http://www.atlantaga.gov/index.aspx?page=545
138,162,162,Omaha School,Omaha School Employee Retirement System,,TP,,2001,2016,0,1,1951,0,,2,NE,Nebraska,Omaha,2,Plan covers teachers,1,Plan members covered by Social Security,Single employer ,1,,Single Employer,0,0,1,0,0,1,0,0,0,0,0,0,1,0,0,0,http://osers.org/PublicationsandForms/Handbook.aspx
139,163,163,Baton Rouge City Parish RS,Baton Rouge City Parish Retirement System,,TP,,2001,2016,0,2,1953,0,,2,LA,Louisiana,Baton Rouge,1,Plan covers local employees,0,Plan members not covered by Social Security,Single employer ,1,,Single Employer,0,1,0,0,1,0,0,0,0,0,0,0,0,0,0,0,https://brgov.com/dept/ERS/
140,164,164,Fairfax County ERS,Fairfax County Employees' Retirement System,,TP,"The Fairfax County Supplemental Retirement System was established on July 1, 1955. On February 26, 2001 the name of the System was changed to the Fairfax County Employees’ Retirement System",2001,2017,0,1,1955,0,,1,VA,Virginia,Fairfax County,1,Plan covers local employees,1,Plan members covered by Social Security,Single employer ,1,,Single Employer,0,1,0,0,1,0,0,0,0,0,0,0,0,0,0,0,
141,165,165,Detroit RS,Detroit Employees General Retirement System,,TP,,2001,2016,0,1,1918,0,,2,MI,Michigan,Detroit,1,Plan covers local employees,1,Plan members covered by Social Security,Single employer ,1,,Single Employer,0,1,0,0,1,0,0,0,0,0,0,0,0,0,0,0,
142,166,166,Montgomery County ERS,Montgomery County Employees Retirement System,,TP,,2006,2017,0,1,1965,0,,1,MD,Maryland,Montgomery County,1,Plan covers local employees,1,Plan members covered by Social Security,"Multiple employer, ",2,,Cost-sharing Multiple-employer,0,1,0,0,1,0,0,0,0,0,0,0,0,0,0,0,
143,167,167,Milwaukee County ERS,Milwaukee County Employees Retirement System,,TP,,2001,2016,0,2,1937,0,,1,WI,Wisconsin,Milwaukee County,1,Plan covers local employees,1,Plan members covered by Social Security,Single employer ,1,,Single Employer,0,1,0,0,1,0,0,0,0,0,0,0,0,0,0,0,
144,168,168,Miami Fire and Police,City of Miami Firefighters and Police Officers Retirement Trust,,CC,,2003,2016,0,1,1931,0,,2,FL,Florida,Miami,3,Plan covers police and/or fire,0,Plan members not covered by Social Security,Single employer ,1,,Single Employer,0,1,0,0,1,0,0,0,0,0,0,0,0,0,0,0,
145,169,169,Providence ERS,Providence Employees Retirement System,,CM,No data for all years for investment return and Asset allocations,2002,2015,0,1,1923,0,,2,RI,Rhode Island,Providence,1,Plan covers local employees,0,Plan members not covered by Social Security,Single employer ,1,,Single Employer,0,1,0,0,1,0,0,0,0,0,0,0,0,0,0,0,
146,170,170,Hartford Municipal,Hartford Municipal Employee Retirement Fund,,CM,No data for all years for investment return ,2002,2016,0,1,1947,0,,2,CT,Connecticut,Hartford,1,Plan covers local employees,1,Plan members covered by Social Security,Single employer ,1,,Single Employer,0,1,0,0,1,0,0,0,0,0,0,0,0,0,0,0,
147,171,171,Birmingham RS,Birmingham Retirement & Relief System,,CM,No data for all years for investment return and Asset allocations,2003,2016,0,1,,0,,2,AL,Alabama,Birmingham,1,Plan covers local employees,1,Plan members covered by Social Security,Single employer ,1,,Single Employer,0,1,0,0,1,0,0,0,0,0,0,0,0,0,0,0,
148,172,172,Omaha Police and Fire,Omaha Police and Fire Pension Fund,,TP,,2009,2016,0,2,1961,0,,2,NE,Nebraska,Omaha,3,Plan covers police and/or fire,1,Plan members covered by Social Security,Single employer ,1,,Single Employer,0,1,0,0,1,0,0,0,0,0,0,0,0,0,0,0,
149,173,173,Atlanta Police,Atlanta Policemen's Pension Fund,,CM,"No data for all years for investment return; Asset allocations, actuarial cost",2002,2016,0,1,1924,0,,2,GA,Georgia,Atlanta,3,Plan covers police and/or fire,0,Plan members not covered by Social Security,Single employer ,1,,Single Employer,0,1,0,0,1,0,0,0,0,0,0,0,0,0,0,0,
